{"loss": [0.6406267285346985, 0.3274896740913391, 0.21434195339679718, 0.154021754860878, 0.11276162415742874, 0.09683038294315338, 0.08082915842533112, 0.06603021174669266, 0.057709649205207825, 0.05191117897629738], "accuracy": [0.798591673374176, 0.8938900232315063, 0.9305071234703064, 0.949583888053894, 0.9630272388458252, 0.9682053923606873, 0.9743367433547974, 0.9785475730895996, 0.9814780354499817, 0.9829717874526978], "val_loss": [0.35607171058654785, 0.22288772463798523, 0.18048813939094543, 0.14374500513076782, 0.13520990312099457, 0.20260712504386902, 0.11352266371250153, 0.12353109568357468, 0.09291666001081467, 0.09508243203163147], "val_accuracy": [0.890166163444519, 0.9272706508636475, 0.9408149123191833, 0.9524242877960205, 0.9574322700500488, 0.9392784237861633, 0.9648873209953308, 0.9630093574523926, 0.9721716642379761, 0.9725130796432495]}